driverStandingsId,raceId,driverId,points,position,positionText,wins
64999,860,39,0,24,24,0
64997,860,807,0,22,22,0
64995,860,30,0,20,20,0
64993,860,5,0,18,18,0
64991,860,811,0,16,16,0
64989,860,10,0,14,14,0
64987,860,3,0,12,12,0
64998,860,37,0,23,23,0
64996,860,154,0,21,21,0
64994,860,808,0,19,19,0
64992,860,13,0,17,17,0
64990,860,819,0,15,15,0
64988,860,813,0,13,13,0
64986,860,818,0,11,11,0
64985,860,814,1,10,10,0
64984,860,817,2,9,9,0
64983,860,815,4,8,8,0
64982,860,8,6,7,7,0
64981,860,155,8,6,6,0
64980,860,4,10,5,5,0
64979,860,17,12,4,4,0
64978,860,1,15,3,3,0
64977,860,20,18,2,2,0
64976,860,18,25,1,1,1
64928,861,18,25,3,3,1
64929,861,20,18,6,6,0
64930,861,1,30,2,2,0
64931,861,17,24,4,4,0
64932,861,4,35,1,1,1
64933,861,155,8,9,9,0
64934,861,8,16,7,7,0
64935,861,815,22,5,5,0
64936,861,817,2,12,12,0
64937,861,814,7,10,10,0
64938,861,818,4,11,11,0
64939,861,3,0,15,15,0
64940,861,813,0,16,16,0
64941,861,10,0,17,17,0
64942,861,819,0,18,18,0
64943,861,811,8,8,8,0
64944,861,13,0,19,19,0
64945,861,5,0,21,21,0
64946,861,808,0,20,20,0
64947,861,30,1,14,14,0
64948,861,154,0,24,24,0
64949,861,807,2,13,13,0
64950,861,37,0,23,23,0
64951,861,39,0,22,22,0
64952,862,18,43,2,2,1
64953,862,20,28,5,5,0
64954,862,1,45,1,1,0
64955,862,17,36,4,4,0
64956,862,4,37,3,3,1
64957,862,155,9,10,10,0
64958,862,8,16,8,8,0
64959,862,815,22,7,7,0
64960,862,817,2,15,15,0
64961,862,814,7,12,12,0
64962,862,818,4,13,13,0
64963,862,3,25,6,6,1
64964,862,813,4,14,14,0
64965,862,10,0,19,19,0
64966,862,819,0,20,20,0
64967,862,811,14,9,9,0
64968,862,13,0,18,18,0
64969,862,5,0,22,22,0
64970,862,808,0,21,21,0
64971,862,30,1,17,17,0
64972,862,154,8,11,11,0
64973,862,807,2,16,16,0
64974,862,37,0,23,23,0
64975,862,39,0,24,24,0
65000,863,18,43,4,4,1
65001,863,20,53,1,1,1
65002,863,1,49,2,2,0
65003,863,17,48,3,3,0
65004,863,4,43,5,5,1
65005,863,155,9,12,12,0
65006,863,8,34,7,7,0
65007,863,815,22,9,9,0
65008,863,817,2,15,15,0
65009,863,814,15,10,10,0
65010,863,818,4,13,13,0
65011,863,3,35,6,6,1
65012,863,813,4,14,14,0
65013,863,10,0,19,19,0
65014,863,819,0,20,20,0
65015,863,811,14,11,11,0
65016,863,13,2,17,17,0
65017,863,5,0,22,22,0
65018,863,808,0,21,21,0
65019,863,30,2,18,18,0
65020,863,154,23,8,8,0
65021,863,807,2,16,16,0
65022,863,37,0,23,23,0
65023,863,39,0,24,24,0
65024,864,18,45,6,6,1
65025,864,20,61,1,1,1
65026,864,1,53,3,3,0
65027,864,17,48,5,5,0
65028,864,4,61,2,2,1
65029,864,155,19,11,11,0
65030,864,8,49,4,4,0
65031,864,815,22,10,10,0
65032,864,817,2,16,16,0
65033,864,814,15,12,12,0
65034,864,818,4,14,14,0
65035,864,3,41,7,7,1
65036,864,813,29,9,9,1
65037,864,10,0,19,19,0
65038,864,819,0,20,20,0
65039,864,811,14,13,13,0
65040,864,13,2,17,17,0
65041,864,5,0,22,22,0
65042,864,808,0,21,21,0
65043,864,30,2,18,18,0
65044,864,154,35,8,8,0
65045,864,807,3,15,15,0
65046,864,37,0,23,23,0
65047,864,39,0,24,24,0
65048,865,18,45,7,7,1
65049,865,20,73,2,2,1
65050,865,1,63,4,4,0
65051,865,17,73,3,3,1
65052,865,4,76,1,1,1
65053,865,155,19,12,12,0
65054,865,8,51,6,6,0
65055,865,815,22,10,10,0
65056,865,817,2,17,17,0
65057,865,814,21,11,11,0
65058,865,818,4,16,16,0
65059,865,3,59,5,5,1
65060,865,813,29,9,9,1
65061,865,10,0,20,20,0
65062,865,819,0,21,21,0
65063,865,811,15,13,13,0
65064,865,13,10,14,14,0
65065,865,5,0,19,19,0
65066,865,808,0,23,23,0
65067,865,30,2,18,18,0
65068,865,154,35,8,8,0
65069,865,807,7,15,15,0
65070,865,37,0,24,24,0
65071,865,39,0,22,22,0
65072,866,18,45,8,8,1
65073,866,20,85,3,3,1
65074,866,1,88,1,1,1
65075,866,17,79,4,4,1
65076,866,4,86,2,2,1
65077,866,155,21,11,11,0
65078,866,8,55,6,6,0
65079,866,815,37,9,9,0
65080,866,817,2,17,17,0
65081,866,814,21,12,12,0
65082,866,818,4,16,16,0
65083,866,3,67,5,5,1
65084,866,813,29,10,10,1
65085,866,10,0,20,20,0
65086,866,819,0,21,21,0
65087,866,811,15,13,13,0
65088,866,13,11,14,14,0
65089,866,5,0,19,19,0
65090,866,808,0,23,23,0
65091,866,30,2,18,18,0
65092,866,154,53,7,7,0
65093,866,807,7,15,15,0
65094,866,37,0,24,24,0
65095,866,39,0,22,22,0
65096,867,18,49,8,8,1
65097,867,20,85,4,4,1
65098,867,1,88,3,3,1
65099,867,17,91,2,2,1
65100,867,4,111,1,1,2
65101,867,155,21,12,12,0
65102,867,8,73,6,6,0
65103,867,815,39,9,9,0
65104,867,817,2,18,18,0
65105,867,814,27,11,11,0
65106,867,818,4,17,17,0
65107,867,3,75,5,5,1
65108,867,813,29,10,10,1
65109,867,10,0,21,21,0
65110,867,819,0,22,22,0
65111,867,811,16,15,15,0
65112,867,13,11,16,16,0
65113,867,5,0,19,19,0
65114,867,808,0,20,20,0
65115,867,30,17,13,13,0
65116,867,154,53,7,7,0
65117,867,807,17,14,14,0
65118,867,37,0,24,24,0
65119,867,39,0,23,23,0
65120,868,18,50,8,8,1
65121,868,20,100,3,3,1
65122,868,1,92,4,4,1
65123,868,17,116,2,2,2
65124,868,4,129,1,1,2
65125,868,155,21,14,14,0
65126,868,8,83,5,5,0
65127,868,815,39,9,9,0
65128,868,817,2,18,18,0
65129,868,814,27,11,11,0
65130,868,818,4,17,17,0
65131,868,3,75,6,6,1
65132,868,813,29,10,10,1
65133,868,10,0,21,21,0
65134,868,819,0,22,22,0
65135,868,811,18,15,15,0
65136,868,13,23,13,13,0
65137,868,5,0,19,19,0
65138,868,808,0,20,20,0
65139,868,30,23,12,12,0
65140,868,154,61,7,7,0
65141,868,807,17,16,16,0
65142,868,37,0,24,24,0
65143,868,39,0,23,23,0
65191,869,39,0,23,23,0
65190,869,37,0,24,24,0
65189,869,807,19,15,15,0
65188,869,154,61,8,8,0
65187,869,30,29,12,12,0
65186,869,808,0,20,20,0
65185,869,5,0,19,19,0
65184,869,13,23,14,14,0
65183,869,811,18,16,16,0
65182,869,819,0,22,22,0
65169,869,20,110,3,3,1
65170,869,1,92,5,5,1
65171,869,17,120,2,2,2
65172,869,4,154,1,1,3
65173,869,155,33,10,10,0
65174,869,8,98,4,4,0
65175,869,815,47,9,9,0
65176,869,817,2,18,18,0
65177,869,814,27,13,13,0
65178,869,818,4,17,17,0
65179,869,3,76,6,6,1
65180,869,813,29,11,11,1
65181,869,10,0,21,21,0
65168,869,18,68,7,7,1
65196,870,4,164,1,1,3
65195,870,17,124,2,2,2
65194,870,1,117,4,4,2
65193,870,20,122,3,3,1
65192,870,18,76,7,7,1
65197,870,155,33,10,10,0
65198,870,8,116,5,5,0
65199,870,815,47,9,9,0
65200,870,817,2,18,18,0
65201,870,814,27,13,13,0
65202,870,818,4,17,17,0
65203,870,3,77,6,6,1
65204,870,813,29,11,11,1
65205,870,10,0,21,21,0
65206,870,819,0,22,22,0
65207,870,811,24,15,15,0
65208,870,13,25,14,14,0
65209,870,5,0,19,19,0
65210,870,808,0,20,20,0
65211,870,30,29,12,12,0
65212,870,154,76,8,8,0
65213,870,807,19,16,16,0
65214,870,37,0,24,24,0
65215,870,39,0,23,23,0
65216,871,18,101,6,6,2
65217,871,20,140,2,2,1
65218,871,1,117,5,5,2
65219,871,17,132,3,3,2
65220,871,4,164,1,1,3
65221,871,155,33,12,12,0
65222,871,8,131,4,4,0
65223,871,815,47,9,9,0
65224,871,817,4,18,18,0
65225,871,814,28,15,15,0
65226,871,818,8,17,17,0
65227,871,3,77,7,7,1
65228,871,813,29,14,14,1
65229,871,10,0,21,21,0
65230,871,819,0,22,22,0
65231,871,811,24,16,16,0
65232,871,13,35,11,11,0
65233,871,5,0,20,20,0
65234,871,808,0,19,19,0
65235,871,30,35,10,10,0
65236,871,154,76,8,8,0
65237,871,807,31,13,13,0
65238,871,37,0,24,24,0
65239,871,39,0,23,23,0
65240,872,18,101,6,6,2
65241,872,20,140,4,4,1
65242,872,1,142,2,2,3
65243,872,17,132,5,5,2
65244,872,4,179,1,1,3
65245,872,155,35,12,12,0
65246,872,8,141,3,3,0
65247,872,815,65,9,9,0
65248,872,817,4,18,18,0
65249,872,814,32,13,13,0
65250,872,818,8,17,17,0
65251,872,3,83,7,7,1
65252,872,813,29,15,15,1
65253,872,10,0,22,22,0
65254,872,819,0,23,23,0
65255,872,811,25,16,16,0
65256,872,13,47,10,10,0
65257,872,5,0,19,19,0
65258,872,808,0,20,20,0
65259,872,30,43,11,11,0
65260,872,154,76,8,8,0
65261,872,807,31,14,14,0
65262,872,37,0,25,25,0
65263,872,39,0,24,24,0
65264,872,816,0,21,21,0
65359,873,30,43,12,12,0
65360,873,154,82,8,8,0
65345,873,155,35,13,13,0
65353,873,10,0,19,19,0
65363,873,39,0,24,24,0
65346,873,8,149,3,3,0
65343,873,17,132,5,5,2
65362,873,37,0,25,25,0
65361,873,807,31,14,14,0
65358,873,808,0,21,21,0
65357,873,5,0,20,20,0
65355,873,811,25,16,16,0
65356,873,13,51,10,10,0
65354,873,819,0,23,23,0
65352,873,813,29,15,15,1
65351,873,3,93,7,7,1
65350,873,818,8,17,17,0
65349,873,814,44,11,11,0
65347,873,815,66,9,9,0
65348,873,817,6,18,18,0
65344,873,4,194,1,1,3
65341,873,20,165,2,2,2
65340,873,18,119,6,6,2
65364,873,816,0,22,22,0
65342,873,1,142,4,4,3
65389,874,816,0,22,22,0
65387,874,37,0,25,25,0
65386,874,807,37,14,14,0
65385,874,154,82,8,8,0
65384,874,30,43,13,13,0
65383,874,808,0,21,21,0
65381,874,13,69,9,9,0
65380,874,811,25,16,16,0
65379,874,819,0,23,23,0
65377,874,813,33,15,15,1
65373,874,817,7,18,18,0
65370,874,155,50,11,11,0
65368,874,17,134,5,5,2
65366,874,20,190,2,2,3
65388,874,39,0,24,24,0
65382,874,5,0,20,20,0
65371,874,8,157,3,3,0
65372,874,815,66,10,10,0
65374,874,814,44,12,12,0
65369,874,4,194,1,1,3
65378,874,10,0,19,19,0
65376,874,3,93,7,7,1
65375,874,818,8,17,17,0
65365,874,18,131,6,6,2
65367,874,1,152,4,4,3
65390,875,18,131,6,6,2
65391,875,20,215,1,1,4
65392,875,1,153,4,4,3
65393,875,17,152,5,5,2
65394,875,4,209,2,2,3
65395,875,155,50,11,11,0
65396,875,8,167,3,3,0
65397,875,815,66,10,10,0
65398,875,817,9,18,18,0
65399,875,814,44,13,13,0
65400,875,818,12,17,17,0
65401,875,3,93,7,7,1
65402,875,813,33,15,15,1
65403,875,10,0,19,19,0
65404,875,819,0,23,23,0
65405,875,811,25,16,16,0
65406,875,13,81,9,9,0
65407,875,5,0,20,20,0
65408,875,808,0,21,21,0
65409,875,30,43,14,14,0
65410,875,154,88,8,8,0
65411,875,807,45,12,12,0
65412,875,37,0,25,25,0
65413,875,39,0,24,24,0
65414,875,816,0,22,22,0
65415,876,18,141,6,6,2
65416,876,20,240,1,1,5
65417,876,1,165,5,5,3
65418,876,17,167,4,4,2
65419,876,4,227,2,2,3
65420,876,155,50,11,11,0
65421,876,8,173,3,3,0
65422,876,815,66,10,10,0
65423,876,817,9,18,18,0
65424,876,814,44,13,13,0
65425,876,818,12,17,17,0
65426,876,3,93,7,7,1
65427,876,813,33,15,15,1
65428,876,10,0,19,19,0
65429,876,819,0,23,23,0
65430,876,811,26,16,16,0
65431,876,13,89,9,9,0
65432,876,5,0,20,20,0
65433,876,808,0,21,21,0
65434,876,30,43,14,14,0
65435,876,154,90,8,8,0
65436,876,807,49,12,12,0
65437,876,37,0,25,25,0
65438,876,39,0,24,24,0
65439,876,816,0,22,22,0
65440,877,18,153,6,6,2
65441,877,20,255,1,1,5
65442,877,1,165,5,5,3
65443,877,17,167,4,4,2
65444,877,4,245,2,2,3
65445,877,155,58,11,11,0
65446,877,8,198,3,3,1
65447,877,815,66,10,10,0
65448,877,817,10,18,18,0
65449,877,814,46,13,13,0
65450,877,818,12,17,17,0
65451,877,3,93,8,8,1
65452,877,813,43,14,14,1
65453,877,10,0,19,19,0
65454,877,819,0,23,23,0
65455,877,811,30,16,16,0
65456,877,13,95,7,7,0
65457,877,5,0,20,20,0
65458,877,808,0,21,21,0
65459,877,30,43,15,15,0
65460,877,154,90,9,9,0
65461,877,807,49,12,12,0
65462,877,37,0,25,25,0
65463,877,39,0,24,24,0
65464,877,816,0,22,22,0
65465,878,18,163,6,6,2
65466,878,20,273,1,1,5
65467,878,1,190,4,4,4
65468,878,17,167,5,5,2
65469,878,4,260,2,2,3
65470,878,155,58,11,11,0
65471,878,8,206,3,3,1
65472,878,815,66,10,10,0
65473,878,817,10,18,18,0
65474,878,814,46,13,13,0
65475,878,818,12,17,17,0
65476,878,3,93,9,9,1
65477,878,813,45,14,14,1
65478,878,10,0,19,19,0
65479,878,819,0,23,23,0
65480,878,811,31,16,16,0
65481,878,13,107,7,7,0
65482,878,5,0,20,20,0
65483,878,808,0,21,21,0
65484,878,30,43,15,15,0
65485,878,154,96,8,8,0
65486,878,807,53,12,12,0
65487,878,37,0,25,25,0
65488,878,39,0,24,24,0
65489,878,816,0,22,22,0
65490,879,18,188,5,5,3
65491,879,20,281,1,1,5
65492,879,1,190,4,4,4
65493,879,17,179,6,6,2
65494,879,4,278,2,2,3
65495,879,155,60,12,12,0
65496,879,8,207,3,3,1
65497,879,815,66,10,10,0
65498,879,817,10,18,18,0
65499,879,814,46,14,14,0
65500,879,818,16,17,17,0
65501,879,3,93,9,9,1
65502,879,813,45,15,15,1
65503,879,10,0,20,20,0
65504,879,819,0,21,21,0
65505,879,811,31,16,16,0
65506,879,13,122,7,7,0
65507,879,5,0,22,22,0
65508,879,808,0,19,19,0
65509,879,30,49,13,13,0
65510,879,154,96,8,8,0
65511,879,807,63,11,11,0
65512,879,37,0,25,25,0
65513,879,39,0,24,24,0
65514,879,816,0,23,23,0
65515,880,8,25,1,1,1
65516,880,4,18,2,2,0
65517,880,20,15,3,3,0
65518,880,13,12,4,4,0
65519,880,1,10,5,5,0
65520,880,17,8,6,6,0
65521,880,16,6,7,7,0
65522,880,814,4,8,8,0
65523,880,18,2,9,9,0
65524,880,154,1,10,10,0
65525,880,815,0,11,11,0
65526,880,818,0,12,12,0
65527,880,821,0,13,13,0
65528,880,822,0,14,14,0
65529,880,824,0,15,15,0
65530,880,819,0,16,16,0
65531,880,820,0,17,17,0
65532,880,823,0,18,18,0
65533,880,817,0,19,19,0
65534,880,3,0,20,20,0
65535,880,813,0,21,21,0
65536,880,807,0,22,22,0
65537,881,8,31,2,2,1
65538,881,4,18,6,6,0
65539,881,20,40,1,1,1
65540,881,13,22,5,5,0
65541,881,1,25,4,4,0
65542,881,17,26,3,3,0
65543,881,16,6,9,9,0
65544,881,814,4,10,10,0
65545,881,18,2,13,13,0
65546,881,154,9,8,8,0
65547,881,815,2,12,12,0
65548,881,818,1,14,14,0
65549,881,821,0,16,16,0
65550,881,822,0,15,15,0
65551,881,824,0,17,17,0
65552,881,819,0,18,18,0
65553,881,820,0,20,20,0
65554,881,823,0,19,19,0
65555,881,817,0,21,21,0
65556,881,3,12,7,7,0
65557,881,813,0,22,22,0
65558,881,807,4,11,11,0
65559,882,8,49,2,2,1
65560,882,4,43,3,3,1
65561,882,20,52,1,1,1
65562,882,13,30,5,5,0
65563,882,1,40,4,4,0
65564,882,17,26,6,6,0
65565,882,16,6,12,12,0
65566,882,814,8,10,10,0
65567,882,18,12,8,8,0
65568,882,154,11,9,9,0
65569,882,815,2,14,14,0
65570,882,818,1,15,15,0
65571,882,821,0,17,17,0
65572,882,822,0,16,16,0
65573,882,824,0,18,18,0
65574,882,819,0,19,19,0
65575,882,820,0,22,22,0
65576,882,823,0,21,21,0
65577,882,817,6,11,11,0
65578,882,3,12,7,7,0
65579,882,813,0,20,20,0
65580,882,807,5,13,13,0
65581,883,8,67,2,2,1
65582,883,4,47,4,4,1
65583,883,20,77,1,1,2
65584,883,13,30,6,6,0
65585,883,1,50,3,3,0
65586,883,17,32,5,5,0
65587,883,16,6,12,12,0
65588,883,814,20,8,8,0
65589,883,18,13,10,10,0
65590,883,154,26,7,7,0
65591,883,815,10,11,11,0
65592,883,818,1,15,15,0
65593,883,821,0,18,18,0
65594,883,822,0,16,16,0
65595,883,824,0,19,19,0
65596,883,819,0,20,20,0
65597,883,820,0,22,22,0
65598,883,823,0,21,21,0
65599,883,817,6,13,13,0
65600,883,3,14,9,9,0
65601,883,813,0,17,17,0
65602,883,807,5,14,14,0
65645,884,813,0,18,18,0
65644,884,3,22,9,9,0
65643,884,817,7,12,12,0
65641,884,820,0,22,22,0
65639,884,824,0,19,19,0
65638,884,822,0,17,17,0
65637,884,821,0,16,16,0
65636,884,818,1,15,15,0
65633,884,18,17,10,10,0
65632,884,814,26,8,8,0
65631,884,16,6,13,13,0
65630,884,17,42,6,6,0
65629,884,1,50,4,4,0
65627,884,20,89,1,1,2
65626,884,4,72,3,3,2
65625,884,8,85,2,2,1
65646,884,807,5,14,14,0
65642,884,823,0,21,21,0
65640,884,819,0,20,20,0
65635,884,815,12,11,11,0
65634,884,154,26,7,7,0
65628,884,13,45,5,5,0
65647,885,8,86,2,2,1
65648,885,4,78,3,3,2
65649,885,20,107,1,1,2
65650,885,13,45,7,7,0
65651,885,1,62,4,4,0
65652,885,17,57,5,5,0
65653,885,16,16,11,11,0
65654,885,814,28,8,8,0
65655,885,18,25,10,10,0
65656,885,154,26,9,9,0
65657,885,815,12,12,12,0
65658,885,818,5,15,15,0
65659,885,821,0,16,16,0
65660,885,822,0,17,17,0
65661,885,824,0,19,19,0
65662,885,819,0,20,20,0
65663,885,820,0,21,21,0
65664,885,823,0,22,22,0
65665,885,817,7,13,13,0
65666,885,3,47,6,6,1
65667,885,813,0,18,18,0
65668,885,807,5,14,14,0
65669,886,8,88,3,3,1
65670,886,4,96,2,2,2
65671,886,20,132,1,1,3
65672,886,13,49,7,7,0
65673,886,1,77,4,4,0
65674,886,17,69,5,5,0
65675,886,16,17,11,11,0
65676,886,814,34,8,8,0
65677,886,18,25,10,10,0
65678,886,154,26,9,9,0
65679,886,815,12,13,13,0
65680,886,818,13,12,12,0
65681,886,821,0,16,16,0
65682,886,822,0,17,17,0
65683,886,824,0,19,19,0
65684,886,819,0,20,20,0
65685,886,820,0,21,21,0
65686,886,823,0,22,22,0
65687,886,817,7,14,14,0
65688,886,3,57,6,6,1
65689,886,813,0,18,18,0
65690,886,807,5,15,15,0
65734,887,807,6,15,15,0
65733,887,813,0,16,16,0
65731,887,817,11,14,14,0
65730,887,823,0,22,22,0
65728,887,819,0,20,20,0
65727,887,824,0,19,19,0
65725,887,821,0,18,18,0
65724,887,818,13,12,12,0
65719,887,16,23,11,11,0
65718,887,17,87,5,5,0
65715,887,20,132,1,1,3
65716,887,13,57,7,7,0
65717,887,1,89,4,4,0
65732,887,3,82,6,6,2
65729,887,820,0,21,21,0
65726,887,822,0,17,17,0
65720,887,814,36,8,8,0
65713,887,8,98,3,3,1
65714,887,4,111,2,2,2
65723,887,815,12,13,13,0
65722,887,154,26,9,9,0
65721,887,18,25,10,10,0
65735,888,8,116,3,3,1
65736,888,4,123,2,2,2
65737,888,20,157,1,1,4
65738,888,13,57,7,7,0
65739,888,1,99,4,4,0
65740,888,17,93,5,5,0
65741,888,16,23,11,11,0
65742,888,814,36,9,9,0
65743,888,18,33,10,10,0
65744,888,154,41,8,8,0
65745,888,815,16,12,12,0
65746,888,818,13,13,13,0
65747,888,821,0,18,18,0
65748,888,822,0,17,17,0
65749,888,824,0,19,19,0
65750,888,819,0,20,20,0
65751,888,820,0,21,21,0
65752,888,823,0,22,22,0
65753,888,817,11,14,14,0
65754,888,3,84,6,6,2
65755,888,813,0,16,16,0
65756,888,807,7,15,15,0
65757,890,8,134,2,2,1
65758,890,4,133,3,3,2
65759,890,20,172,1,1,4
65760,890,13,61,7,7,0
65761,890,1,124,4,4,1
65762,890,17,105,5,5,0
65763,890,16,23,11,11,0
65764,890,814,36,10,10,0
65765,890,18,39,9,9,0
65766,890,154,49,8,8,0
65767,890,815,18,12,12,0
65768,890,818,13,13,13,0
65769,890,821,0,18,18,0
65770,890,822,0,17,17,0
65771,890,824,0,19,19,0
65772,890,819,0,20,20,0
65773,890,820,0,22,22,0
65774,890,823,0,21,21,0
65775,890,817,11,14,14,0
65776,890,3,84,6,6,2
65777,890,813,1,16,16,0
65778,890,807,7,15,15,0
65779,891,8,134,4,4,1
65780,891,4,151,2,2,2
65781,891,20,197,1,1,5
65782,891,13,67,7,7,0
65783,891,1,139,3,3,1
65784,891,17,115,5,5,0
65785,891,16,25,11,11,0
65786,891,814,36,10,10,0
65787,891,18,47,9,9,0
65788,891,154,53,8,8,0
65789,891,815,18,12,12,0
65790,891,818,13,13,13,0
65791,891,821,0,18,18,0
65792,891,822,0,17,17,0
65793,891,824,0,19,19,0
65794,891,819,0,20,20,0
65795,891,820,0,22,22,0
65796,891,823,0,21,21,0
65797,891,817,12,14,14,0
65798,891,3,96,6,6,2
65799,891,813,1,16,16,0
65800,891,807,7,15,15,0
65801,892,8,134,4,4,1
65802,892,4,169,2,2,2
65803,892,20,222,1,1,6
65804,892,13,79,7,7,0
65805,892,1,141,3,3,1
65806,892,17,130,5,5,0
65807,892,16,25,11,11,0
65808,892,814,36,10,10,0
65809,892,18,48,9,9,0
65810,892,154,57,8,8,0
65811,892,815,18,12,12,0
65812,892,818,13,15,15,0
65813,892,821,0,18,18,0
65814,892,822,0,17,17,0
65815,892,824,0,19,19,0
65816,892,819,0,20,20,0
65817,892,820,0,22,22,0
65818,892,823,0,21,21,0
65819,892,817,18,13,13,0
65820,892,3,104,6,6,2
65821,892,813,1,16,16,0
65822,892,807,17,14,14,0
65823,893,8,149,4,4,1
65824,893,4,187,2,2,2
65825,893,20,247,1,1,7
65826,893,13,87,7,7,0
65827,893,1,151,3,3,1
65828,893,17,130,5,5,0
65829,893,16,26,11,11,0
65830,893,814,36,10,10,0
65831,893,18,54,9,9,0
65832,893,154,57,8,8,0
65833,893,815,22,12,12,0
65834,893,818,13,15,15,0
65835,893,821,0,17,17,0
65836,893,822,0,18,18,0
65837,893,824,0,19,19,0
65838,893,819,0,20,20,0
65839,893,820,0,22,22,0
65840,893,823,0,21,21,0
65841,893,817,18,14,14,0
65842,893,3,116,6,6,2
65843,893,813,1,16,16,0
65844,893,807,19,13,13,0
65845,894,8,167,3,3,1
65846,894,4,195,2,2,2
65847,894,20,272,1,1,8
65848,894,13,89,7,7,0
65849,894,1,161,4,4,1
65850,894,17,130,5,5,0
65851,894,16,26,12,12,0
65852,894,814,36,10,10,0
65853,894,18,58,9,9,0
65854,894,154,72,8,8,0
65855,894,815,23,13,13,0
65856,894,818,13,15,15,0
65857,894,821,0,17,17,0
65858,894,822,0,18,18,0
65859,894,824,0,19,19,0
65860,894,819,0,20,20,0
65861,894,820,0,22,22,0
65862,894,823,0,21,21,0
65863,894,817,18,14,14,0
65864,894,3,122,6,6,2
65865,894,813,1,16,16,0
65866,894,807,31,11,11,0
65867,895,8,177,3,3,1
65868,895,4,207,2,2,2
65869,895,20,297,1,1,9
65870,895,13,90,7,7,0
65871,895,1,161,4,4,1
65872,895,17,148,5,5,0
65873,895,16,26,12,12,0
65874,895,814,36,11,11,0
65875,895,18,60,9,9,0
65876,895,154,87,8,8,0
65877,895,815,23,13,13,0
65878,895,818,13,15,15,0
65879,895,821,6,16,16,0
65880,895,822,0,18,18,0
65881,895,824,0,19,19,0
65882,895,819,0,20,20,0
65883,895,820,0,22,22,0
65884,895,823,0,21,21,0
65885,895,817,18,14,14,0
65886,895,3,126,6,6,2
65887,895,813,1,17,17,0
65888,895,807,39,10,10,0
65889,896,8,183,3,3,1
65890,896,4,207,2,2,2
65891,896,20,322,1,1,10
65892,896,13,102,8,8,0
65893,896,1,169,4,4,1
65894,896,17,148,5,5,0
65895,896,16,28,13,13,0
65896,896,814,40,10,10,0
65897,896,18,60,9,9,0
65898,896,154,102,7,7,0
65899,896,815,33,12,12,0
65900,896,818,13,15,15,0
65901,896,821,6,16,16,0
65902,896,822,0,18,18,0
65903,896,824,0,19,19,0
65904,896,819,0,20,20,0
65905,896,820,0,22,22,0
65906,896,823,0,21,21,0
65907,896,817,19,14,14,0
65908,896,3,144,6,6,2
65909,896,813,1,17,17,0
65910,896,807,39,11,11,0
65911,897,8,183,3,3,1
65912,897,4,217,2,2,2
65913,897,20,347,1,1,11
65914,897,13,106,8,8,0
65915,897,1,175,4,4,1
65916,897,17,166,5,5,0
65917,897,16,29,13,13,0
65918,897,814,48,10,10,0
65919,897,18,60,9,9,0
65920,897,154,114,7,7,0
65921,897,815,35,12,12,0
65922,897,818,13,15,15,0
65923,897,821,6,16,16,0
65924,897,822,0,18,18,0
65925,897,824,0,19,19,0
65926,897,819,0,20,20,0
65927,897,820,0,22,22,0
65928,897,823,0,21,21,0
65929,897,817,19,14,14,0
65930,897,3,159,6,6,2
65931,897,813,1,17,17,0
65932,897,807,39,11,11,0
65933,898,8,183,4,4,1
65934,898,4,227,2,2,2
65935,898,20,372,1,1,12
65936,898,13,106,8,8,0
65937,898,1,187,3,3,1
65938,898,17,181,5,5,0
65939,898,16,29,13,13,0
65940,898,814,48,10,10,0
65941,898,18,61,9,9,0
65942,898,154,132,7,7,0
65943,898,815,41,12,12,0
65944,898,818,13,15,15,0
65945,898,821,6,16,16,0
65946,898,822,4,17,17,0
65947,898,824,0,19,19,0
65948,898,819,0,20,20,0
65949,898,820,0,22,22,0
65950,898,823,0,21,21,0
65951,898,817,19,14,14,0
65952,898,3,161,6,6,2
65953,898,813,1,18,18,0
65954,898,807,47,11,11,0
65955,898,5,0,23,23,0
65956,899,8,183,5,5,1
65957,899,4,242,2,2,2
65958,899,20,397,1,1,13
65959,899,13,112,8,8,0
65960,899,1,189,4,4,1
65961,899,17,199,3,3,0
65962,899,16,29,13,13,0
65963,899,814,48,12,12,0
65964,899,18,73,9,9,0
65965,899,154,132,7,7,0
65966,899,815,49,11,11,0
65967,899,818,13,15,15,0
65968,899,821,6,16,16,0
65969,899,822,4,17,17,0
65970,899,824,0,19,19,0
65971,899,819,0,20,20,0
65972,899,820,0,23,23,0
65973,899,823,0,21,21,0
65974,899,817,20,14,14,0
65975,899,3,171,6,6,2
65976,899,813,1,18,18,0
65977,899,807,51,10,10,0
65978,899,5,0,22,22,0
66632,900,13,0,20,20,0
66630,900,20,0,18,18,0
66628,900,813,0,16,16,0
66626,900,824,0,14,14,0
66624,900,821,0,12,12,0
66614,900,825,18,2,2,0
66615,900,18,15,3,3,0
66616,900,4,12,4,4,0
66617,900,822,10,5,5,0
66618,900,807,8,6,6,0
66619,900,8,6,7,7,0
66633,900,155,0,21,21,0
66631,900,1,0,19,19,0
66629,900,828,0,17,17,0
66627,900,154,0,15,15,0
66625,900,820,0,13,13,0
66623,900,16,0,11,11,0
66622,900,815,1,10,10,0
66621,900,826,2,9,9,0
66620,900,818,4,8,8,0
66613,900,3,25,1,1,1
66634,900,817,0,22,22,0
66635,901,3,43,1,1,1
66636,901,825,20,5,5,0
66637,901,18,23,4,4,0
66638,901,4,24,3,3,0
66639,901,822,14,8,8,0
66640,901,807,18,6,6,0
66641,901,8,6,9,9,0
66642,901,818,4,11,11,0
66643,901,826,3,12,12,0
66644,901,815,1,13,13,0
66645,901,16,0,15,15,0
66646,901,821,0,16,16,0
66647,901,820,0,17,17,0
66648,901,824,0,20,20,0
66649,901,154,0,14,14,0
66650,901,813,0,21,21,0
66651,901,828,0,19,19,0
66652,901,20,15,7,7,0
66653,901,1,25,2,2,1
66654,901,13,6,10,10,0
66655,901,155,0,18,18,0
66656,901,817,0,22,22,0
66657,902,3,61,1,1,1
66658,902,825,20,7,7,0
66659,902,18,23,5,5,0
66660,902,4,26,4,4,0
66661,902,822,18,8,8,0
66662,902,807,28,3,3,0
66663,902,8,7,12,12,0
66664,902,818,4,13,13,0
66665,902,826,3,14,14,0
66666,902,815,16,9,9,0
66667,902,16,0,16,16,0
66668,902,821,0,17,17,0
66669,902,820,0,18,18,0
66670,902,824,0,22,22,0
66671,902,154,0,15,15,0
66672,902,813,0,20,20,0
66673,902,828,0,21,21,0
66674,902,20,23,6,6,0
66675,902,1,50,2,2,2
66676,902,13,12,11,11,0
66677,902,155,0,19,19,0
66678,902,817,12,10,10,0
66679,903,3,79,1,1,1
66680,903,825,20,9,9,0
66681,903,18,23,8,8,0
66682,903,4,41,3,3,0
66683,903,822,24,7,7,0
66684,903,807,36,4,4,0
66685,903,8,11,12,12,0
66686,903,818,4,13,13,0
66687,903,826,4,14,14,0
66688,903,815,18,10,10,0
66689,903,16,0,16,16,0
66690,903,821,0,17,17,0
66691,903,820,0,18,18,0
66692,903,824,0,22,22,0
66693,903,154,0,15,15,0
66694,903,813,0,20,20,0
66695,903,828,0,21,21,0
66696,903,20,33,5,5,0
66697,903,1,75,2,2,3
66698,903,13,12,11,11,0
66699,903,155,0,19,19,0
66700,903,817,24,6,6,0
66701,904,3,97,2,2,1
66702,904,825,20,9,9,0
66703,904,18,23,8,8,0
66704,904,4,49,3,3,0
66705,904,822,34,7,7,0
66706,904,807,37,6,6,0
66707,904,8,17,11,11,0
66708,904,818,4,14,14,0
66709,904,826,4,15,15,0
66710,904,815,20,10,10,0
66711,904,16,0,16,16,0
66712,904,821,0,17,17,0
66713,904,820,0,18,18,0
66714,904,824,0,22,22,0
66715,904,154,4,13,13,0
66716,904,813,0,20,20,0
66717,904,828,0,21,21,0
66718,904,20,45,4,4,0
66719,904,1,100,1,1,4
66720,904,13,12,12,12,0
66721,904,155,0,19,19,0
66722,904,817,39,5,5,0
66723,905,3,122,1,1,2
66724,905,825,21,9,9,0
66725,905,18,31,8,8,0
66726,905,4,61,3,3,0
66727,905,822,34,7,7,0
66728,905,807,47,5,5,0
66729,905,8,17,12,12,0
66730,905,818,4,14,14,0
66731,905,826,4,15,15,0
66732,905,815,20,10,10,0
66733,905,16,0,18,18,0
66734,905,821,0,19,19,0
66735,905,820,0,20,20,0
66736,905,824,2,16,16,0
66737,905,154,8,13,13,0
66738,905,813,0,22,22,0
66739,905,828,0,17,17,0
66740,905,20,45,6,6,0
66741,905,1,118,2,2,4
66742,905,13,18,11,11,0
66743,905,155,0,21,21,0
66744,905,817,54,4,4,0
66745,906,3,140,1,1,2
66746,906,825,23,9,9,0
66747,906,18,43,7,7,0
66748,906,4,69,4,4,0
66749,906,822,40,8,8,0
66750,906,807,57,6,6,0
66751,906,8,18,12,12,0
66752,906,818,8,14,14,0
66753,906,826,4,15,15,0
66754,906,815,20,10,10,0
66755,906,16,0,17,17,0
66756,906,821,0,19,19,0
66757,906,820,0,20,20,0
66758,906,824,2,16,16,0
66759,906,154,8,13,13,0
66760,906,813,0,22,22,0
66761,906,828,0,18,18,0
66762,906,20,60,5,5,0
66763,906,1,118,2,2,4
66764,906,13,18,11,11,0
66765,906,155,0,21,21,0
66766,906,817,79,3,3,1
66767,907,3,165,1,1,3
66768,907,825,29,10,10,0
66769,907,18,43,8,8,0
66770,907,4,79,4,4,0
66771,907,822,55,7,7,0
66772,907,807,59,6,6,0
66773,907,8,19,12,12,0
66774,907,818,8,14,14,0
66775,907,826,4,15,15,0
66776,907,815,28,11,11,0
66777,907,16,0,17,17,0
66778,907,821,0,20,20,0
66779,907,820,0,21,21,0
66780,907,824,2,16,16,0
66781,907,154,8,13,13,0
66782,907,813,0,19,19,0
66783,907,828,0,18,18,0
66784,907,20,60,5,5,0
66785,907,1,136,2,2,4
66786,907,13,30,9,9,0
66787,907,155,0,22,22,0
66788,907,817,83,3,3,1
66789,908,3,165,1,1,3
66790,908,825,35,9,9,0
66791,908,18,55,8,8,0
66792,908,4,87,4,4,0
66793,908,822,73,5,5,0
66794,908,807,63,7,7,0
66795,908,8,19,12,12,0
66796,908,818,9,13,13,0
66797,908,826,6,15,15,0
66798,908,815,28,11,11,0
66799,908,16,0,17,17,0
66800,908,821,0,20,20,0
66801,908,820,0,21,21,0
66802,908,824,2,16,16,0
66803,908,154,8,14,14,0
66804,908,813,0,19,19,0
66805,908,828,0,18,18,0
66806,908,20,70,6,6,0
66807,908,1,161,2,2,5
66808,908,13,30,10,10,0
66809,908,155,0,22,22,0
66810,908,817,98,3,3,1
66811,909,3,190,1,1,4
66812,909,825,37,9,9,0
66813,909,18,59,8,8,0
66814,909,4,97,4,4,0
66815,909,822,91,5,5,0
66816,909,807,69,7,7,0
66817,909,8,19,12,12,0
66818,909,818,9,13,13,0
66819,909,826,6,15,15,0
66820,909,815,29,11,11,0
66821,909,16,0,17,17,0
66822,909,821,0,20,20,0
66823,909,820,0,21,21,0
66824,909,824,2,16,16,0
66825,909,154,8,14,14,0
66826,909,813,0,19,19,0
66827,909,828,0,18,18,0
66828,909,20,82,6,6,0
66829,909,1,176,2,2,5
66830,909,13,30,10,10,0
66831,909,155,0,22,22,0
66832,909,817,106,3,3,1
66833,910,3,202,1,1,4
66834,910,825,37,10,10,0
66835,910,18,60,8,8,0
66836,910,4,115,4,4,0
66837,910,822,95,5,5,0
66838,910,807,69,7,7,0
66839,910,8,27,12,12,0
66840,910,818,11,13,13,0
66841,910,826,6,15,15,0
66842,910,815,29,11,11,0
66843,910,16,0,17,17,0
66844,910,821,0,20,20,0
66845,910,820,0,21,21,0
66846,910,824,2,16,16,0
66847,910,154,8,14,14,0
66848,910,813,0,19,19,0
66849,910,828,0,18,18,0
66850,910,20,88,6,6,0
66851,910,1,191,2,2,5
66852,910,13,40,9,9,0
66853,910,155,0,22,22,0
66854,910,817,131,3,3,2
66855,911,3,220,1,1,4
66856,911,825,37,11,11,0
66857,911,18,68,8,8,0
66858,911,4,121,4,4,0
66859,911,822,110,5,5,0
66860,911,807,70,7,7,0
66861,911,8,39,10,10,0
66862,911,818,11,13,13,0
66863,911,826,8,15,15,0
66864,911,815,33,12,12,0
66865,911,16,0,17,17,0
66866,911,821,0,20,20,0
66867,911,820,0,21,21,0
66868,911,824,2,16,16,0
66869,911,154,8,14,14,0
66870,911,813,0,19,19,0
66871,911,828,0,18,18,0
66872,911,20,98,6,6,0
66873,911,1,191,2,2,5
66874,911,13,40,9,9,0
66875,911,155,0,22,22,0
66876,911,817,156,3,3,3
66877,911,827,0,23,23,0
66878,912,3,238,1,1,4
66879,912,825,38,12,12,0
66880,912,18,72,7,7,0
66881,912,4,121,5,5,0
66882,912,822,122,4,4,0
66883,912,807,70,8,8,0
66884,912,8,41,10,10,0
66885,912,818,11,13,13,0
66886,912,826,8,15,15,0
66887,912,815,39,11,11,0
66888,912,16,0,17,17,0
66889,912,821,0,20,20,0
66890,912,820,0,21,21,0
66891,912,824,2,16,16,0
66892,912,154,8,14,14,0
66893,912,813,0,19,19,0
66894,912,828,0,18,18,0
66895,912,20,106,6,6,0
66896,912,1,216,2,2,6
66897,912,13,55,9,9,0
66898,912,155,0,22,22,0
66899,912,817,166,3,3,3
66900,912,827,0,23,23,0
66901,913,3,238,2,2,4
66902,913,825,39,12,12,0
66903,913,18,72,7,7,0
66904,913,4,133,4,4,0
66905,913,822,122,6,6,0
66906,913,807,72,8,8,0
66907,913,8,45,11,11,0
66908,913,818,19,13,13,0
66909,913,826,8,15,15,0
66910,913,815,45,10,10,0
66911,913,16,0,17,17,0
66912,913,821,0,20,20,0
66913,913,820,0,21,21,0
66914,913,824,2,16,16,0
66915,913,154,8,14,14,0
66916,913,813,0,19,19,0
66917,913,828,0,18,18,0
66918,913,20,124,5,5,0
66919,913,1,241,1,1,7
66920,913,13,65,9,9,0
66921,913,155,0,22,22,0
66922,913,817,181,3,3,3
66923,913,827,0,23,23,0
66924,914,3,256,2,2,4
66925,914,825,39,12,12,0
66926,914,18,82,7,7,0
66927,914,4,133,5,5,0
66928,914,822,130,6,6,0
66929,914,807,76,8,8,0
66930,914,8,45,11,11,0
66931,914,818,21,13,13,0
66932,914,826,8,15,15,0
66933,914,815,46,10,10,0
66934,914,16,0,17,17,0
66935,914,821,0,20,20,0
66936,914,820,0,21,21,0
66937,914,824,2,16,16,0
66938,914,154,8,14,14,0
66939,914,813,0,19,19,0
66940,914,828,0,18,18,0
66941,914,20,139,4,4,0
66942,914,1,266,1,1,8
66943,914,13,71,9,9,0
66944,914,155,0,22,22,0
66945,914,817,193,3,3,3
66946,914,827,0,23,23,0
66947,915,3,274,2,2,4
66948,915,825,49,10,10,0
66949,915,18,94,7,7,0
66950,915,4,141,6,6,0
66951,915,822,145,4,4,0
66952,915,807,76,8,8,0
66953,915,8,47,12,12,0
66954,915,818,21,13,13,0
66955,915,826,8,15,15,0
66956,915,815,47,11,11,0
66957,915,16,0,17,17,0
66958,915,821,0,20,20,0
66959,915,820,0,21,21,0
66960,915,824,2,16,16,0
66961,915,154,8,14,14,0
66962,915,813,0,19,19,0
66963,915,828,0,18,18,0
66964,915,20,143,5,5,0
66965,915,1,291,1,1,9
66966,915,13,71,9,9,0
66967,915,155,0,22,22,0
66968,915,817,199,3,3,3
66969,915,827,0,23,23,0
66970,916,3,292,2,2,4
66971,916,825,53,10,10,0
66972,916,18,94,7,7,0
66973,916,4,149,6,6,0
66974,916,822,155,4,4,0
66975,916,807,76,9,9,0
66976,916,8,47,12,12,0
66977,916,818,22,13,13,0
66978,916,826,8,15,15,0
66979,916,815,47,11,11,0
66980,916,16,0,18,18,0
66981,916,821,0,20,20,0
66982,916,820,0,21,21,0
66983,916,824,2,17,17,0
66984,916,154,8,14,14,0
66985,916,813,2,16,16,0
66986,916,828,0,19,19,0
66987,916,20,149,5,5,0
66988,916,1,316,1,1,10
66989,916,13,83,8,8,0
66990,916,155,0,22,22,0
66991,916,817,214,3,3,3
66992,916,827,0,23,23,0
66993,917,3,317,2,2,5
66994,917,825,55,10,10,0
66995,917,18,106,7,7,0
66996,917,4,157,5,5,0
66997,917,822,156,6,6,0
66998,917,807,80,9,9,0
66999,917,8,53,11,11,0
67000,917,818,22,13,13,0
67001,917,826,8,15,15,0
67002,917,815,47,12,12,0
67003,917,16,0,18,18,0
67004,917,821,0,20,20,0
67005,917,820,0,21,21,0
67006,917,824,2,17,17,0
67007,917,154,8,14,14,0
67008,917,813,2,16,16,0
67009,917,828,0,19,19,0
67010,917,20,159,4,4,0
67011,917,1,334,1,1,10
67012,917,13,98,8,8,0
67013,917,155,0,22,22,0
67014,917,817,214,3,3,3
67015,917,827,0,23,23,0
67016,918,3,317,2,2,5
67017,918,825,55,11,11,0
67018,918,18,126,8,8,0
67019,918,4,161,6,6,0
67020,918,822,186,4,4,0
67021,918,807,96,9,9,0
67022,918,8,55,12,12,0
67023,918,818,22,13,13,0
67024,918,826,8,15,15,0
67025,918,815,59,10,10,0
67026,918,16,0,18,18,0
67027,918,821,0,20,20,0
67028,918,820,0,21,21,0
67029,918,824,2,17,17,0
67030,918,154,8,14,14,0
67031,918,813,2,16,16,0
67032,918,828,0,19,19,0
67033,918,20,167,5,5,0
67034,918,1,384,1,1,11
67035,918,13,134,7,7,0
67036,918,155,0,22,22,0
67037,918,817,238,3,3,3
67038,918,827,0,24,24,0
67039,918,829,0,23,23,0
67201,926,822,0,18,18,0
67199,926,826,0,16,16,0
67197,926,154,0,14,14,0
67195,926,8,0,12,12,0
67200,926,825,0,17,17,0
67198,926,813,0,15,15,0
67196,926,830,0,13,13,0
67194,926,18,0,11,11,0
67193,926,815,1,10,10,0
67192,926,832,2,9,9,0
67191,926,828,4,8,8,0
67190,926,807,6,7,7,0
67189,926,817,8,6,6,0
67188,926,831,10,5,5,0
67187,926,13,12,4,4,0
67186,926,20,15,3,3,0
67185,926,3,18,2,2,0
67184,926,1,25,1,1,1
67058,927,1,43,1,1,1
67059,927,3,33,3,3,0
67060,927,20,40,2,2,1
67061,927,13,20,4,4,0
67062,927,831,10,6,6,0
67063,927,817,9,8,8,0
67064,927,807,6,9,9,0
67065,927,828,4,12,12,0
67066,927,832,6,11,11,0
67067,927,815,1,14,14,0
67068,927,18,0,16,16,0
67069,927,8,12,5,5,0
67070,927,830,6,10,10,0
67071,927,154,0,15,15,0
67072,927,813,0,18,18,0
67073,927,826,2,13,13,0
67074,927,825,0,19,19,0
67075,927,822,10,7,7,0
67076,927,833,0,17,17,0
67077,927,4,0,20,20,0
67078,927,829,0,21,21,0
67079,928,1,68,1,1,2
67080,928,3,51,3,3,0
67081,928,20,55,2,2,1
67082,928,13,30,4,4,0
67083,928,831,14,7,7,0
67084,928,817,11,8,8,0
67085,928,807,6,10,10,0
67086,928,828,5,13,13,0
67087,928,832,6,12,12,0
67088,928,815,1,15,15,0
67089,928,18,0,16,16,0
67090,928,8,24,5,5,0
67091,928,830,6,11,11,0
67092,928,154,6,9,9,0
67093,928,813,0,20,20,0
67094,928,826,2,14,14,0
67095,928,825,0,21,21,0
67096,928,822,18,6,6,0
67097,928,833,0,18,18,0
67098,928,4,0,17,17,0
67099,928,829,0,19,19,0
67100,929,1,93,1,1,3
67101,929,3,66,2,2,0
67102,929,20,65,3,3,1
67103,929,13,31,5,5,0
67104,929,831,14,8,8,0
67105,929,817,19,7,7,0
67106,929,807,6,10,10,0
67107,929,828,5,14,14,0
67108,929,832,6,12,12,0
67109,929,815,5,13,13,0
67110,929,18,0,17,17,0
67111,929,8,42,4,4,0
67112,929,830,6,11,11,0
67113,929,154,12,9,9,0
67114,929,813,0,20,20,0
67115,929,826,4,15,15,0
67116,929,825,0,21,21,0
67117,929,822,30,6,6,0
67118,929,833,0,18,18,0
67119,929,4,0,16,16,0
67120,929,829,0,19,19,0
67121,930,1,111,1,1,3
67122,930,3,91,2,2,1
67123,930,20,80,3,3,1
67124,930,13,39,6,6,0
67125,930,831,14,9,9,0
67126,930,817,25,7,7,0
67127,930,807,6,12,12,0
67128,930,828,5,14,14,0
67129,930,832,8,10,10,0
67130,930,815,5,13,13,0
67131,930,18,0,17,17,0
67132,930,8,52,4,4,0
67133,930,830,6,11,11,0
67134,930,154,16,8,8,0
67135,930,813,0,20,20,0
67136,930,826,5,15,15,0
67137,930,825,0,21,21,0
67138,930,822,42,5,5,0
67139,930,833,0,18,18,0
67140,930,4,0,16,16,0
67141,930,829,0,19,19,0
67142,931,1,126,1,1,3
67143,931,3,116,2,2,2
67144,931,20,98,3,3,1
67145,931,13,39,6,6,0
67146,931,831,16,9,9,0
67147,931,817,35,7,7,0
67148,931,807,6,13,13,0
67149,931,828,5,15,15,0
67150,931,832,9,12,12,0
67151,931,815,11,11,11,0
67152,931,18,4,16,16,0
67153,931,8,60,4,4,0
67154,931,830,6,14,14,0
67155,931,154,16,10,10,0
67156,931,813,0,20,20,0
67157,931,826,17,8,8,0
67158,931,825,0,21,21,0
67159,931,822,42,5,5,0
67160,931,833,0,18,18,0
67161,931,4,0,17,17,0
67162,931,829,0,19,19,0
67163,932,1,151,1,1,4
67164,932,3,134,2,2,2
67165,932,20,108,3,3,1
67166,932,13,47,6,6,0
67167,932,831,16,10,10,0
67168,932,817,35,7,7,0
67169,932,807,10,12,12,0
67170,932,828,5,16,16,0
67171,932,832,9,13,13,0
67172,932,815,11,11,11,0
67173,932,18,4,17,17,0
67174,932,8,72,4,4,0
67175,932,830,6,14,14,0
67176,932,154,17,9,9,0
67177,932,813,6,15,15,0
67178,932,826,19,8,8,0
67179,932,825,0,21,21,0
67180,932,822,57,5,5,0
67181,932,833,0,19,19,0
67182,932,4,0,18,18,0
67183,932,829,0,20,20,0
67203,933,3,159,2,2,3
67202,933,1,169,1,1,4
67204,933,20,120,3,3,1
67205,933,13,62,6,6,0
67206,933,831,16,11,11,0
67207,933,817,36,7,7,0
67208,933,807,18,9,9,0
67209,933,828,5,16,16,0
67210,933,832,9,15,15,0
67211,933,815,13,12,12,0
67212,933,18,4,17,17,0
67213,933,8,72,4,4,0
67214,933,830,10,14,14,0
67215,933,154,17,10,10,0
67216,933,813,12,13,13,0
67217,933,826,19,8,8,0
67218,933,825,0,21,21,0
67219,933,822,67,5,5,0
67220,933,833,0,19,19,0
67221,933,4,0,18,18,0
67222,933,829,0,20,20,0
67223,934,1,194,1,1,5
67224,934,3,177,2,2,3
67225,934,20,135,3,3,1
67226,934,13,74,6,6,0
67227,934,831,16,11,11,0
67228,934,817,36,7,7,0
67229,934,807,24,9,9,0
67230,934,828,5,16,16,0
67231,934,832,9,15,15,0
67232,934,815,15,12,12,0
67233,934,18,4,17,17,0
67234,934,8,76,5,5,0
67235,934,830,10,14,14,0
67236,934,154,17,10,10,0
67237,934,813,12,13,13,0
67238,934,826,27,8,8,0
67239,934,825,0,21,21,0
67240,934,822,77,4,4,0
67241,934,833,0,19,19,0
67242,934,4,1,18,18,0
67243,934,829,0,20,20,0
67244,936,1,202,1,1,5
67245,936,3,181,2,2,3
67246,936,20,160,3,3,2
67247,936,13,74,6,6,0
67248,936,831,16,12,12,0
67249,936,817,51,7,7,0
67250,936,807,24,9,9,0
67251,936,828,6,18,18,0
67252,936,832,9,16,16,0
67253,936,815,15,13,13,0
67254,936,18,6,17,17,0
67255,936,8,76,5,5,0
67256,936,830,22,11,11,0
67257,936,154,23,10,10,0
67258,936,813,12,14,14,0
67259,936,826,45,8,8,0
67260,936,825,0,21,21,0
67261,936,822,77,4,4,0
67262,936,833,0,19,19,0
67263,936,4,11,15,15,0
67264,936,829,0,20,20,0
67265,937,1,227,1,1,6
67266,937,3,199,2,2,3
67267,937,20,160,3,3,2
67268,937,13,82,5,5,0
67269,937,831,16,13,13,0
67270,937,817,51,8,8,0
67271,937,807,24,12,12,0
67272,937,828,7,17,17,0
67273,937,832,9,16,16,0
67274,937,815,25,11,11,0
67275,937,18,6,18,18,0
67276,937,8,82,4,4,0
67277,937,830,26,10,10,0
67278,937,154,38,9,9,0
67279,937,813,12,14,14,0
67280,937,826,57,7,7,0
67281,937,825,0,21,21,0
67282,937,822,79,6,6,0
67283,937,833,0,19,19,0
67284,937,4,11,15,15,0
67285,937,829,0,20,20,0
67286,938,1,252,1,1,7
67287,938,3,199,2,2,3
67288,938,20,178,3,3,2
67289,938,13,97,4,4,0
67290,938,831,16,13,13,0
67291,938,817,55,8,8,0
67292,938,807,30,11,11,0
67293,938,828,9,17,17,0
67294,938,832,9,16,16,0
67295,938,815,33,10,10,0
67296,938,18,6,18,18,0
67297,938,8,92,5,5,0
67298,938,830,26,12,12,0
67299,938,154,38,9,9,0
67300,938,813,12,14,14,0
67301,938,826,58,7,7,0
67302,938,825,0,21,21,0
67303,938,822,91,6,6,0
67304,938,833,0,19,19,0
67305,938,4,11,15,15,0
67306,938,829,0,20,20,0
67307,939,1,252,1,1,7
67308,939,3,211,2,2,3
67309,939,20,203,3,3,3
67310,939,13,97,6,6,0
67311,939,831,17,13,13,0
67312,939,817,73,7,7,0
67313,939,807,30,12,12,0
67314,939,828,9,17,17,0
67315,939,832,11,16,16,0
67316,939,815,39,9,9,0
67317,939,18,6,18,18,0
67318,939,8,107,4,4,0
67319,939,830,30,11,11,0
67320,939,154,38,10,10,0
67321,939,813,12,14,14,0
67322,939,826,66,8,8,0
67323,939,825,0,22,22,0
67324,939,822,101,5,5,0
67325,939,833,0,19,19,0
67326,939,4,11,15,15,0
67327,939,829,0,20,20,0
67328,939,834,0,21,21,0
67372,940,834,0,21,21,0
67371,940,829,0,20,20,0
67370,940,4,11,16,16,0
67368,940,822,111,5,5,0
67366,940,826,66,8,8,0
67365,940,813,16,14,14,0
67364,940,154,44,9,9,0
67363,940,830,32,12,12,0
67359,940,832,12,15,15,0
67358,940,828,9,17,17,0
67355,940,831,17,13,13,0
67352,940,3,229,2,2,3
67367,940,825,0,22,22,0
67357,940,807,38,11,11,0
67360,940,815,39,10,10,0
67361,940,18,6,18,18,0
67362,940,8,119,4,4,0
67354,940,13,97,6,6,0
67369,940,833,0,19,19,0
67356,940,817,73,7,7,0
67353,940,20,218,3,3,3
67351,940,1,277,1,1,8
67526,941,834,0,21,21,0
67521,941,825,0,22,22,0
67522,941,822,111,5,5,0
67525,941,829,0,20,20,0
67524,941,4,11,16,16,0
67523,941,833,0,19,19,0
67520,941,826,76,7,7,0
67519,941,813,22,14,14,0
67518,941,154,44,10,10,0
67517,941,830,33,12,12,0
67516,941,8,123,4,4,0
67515,941,18,8,18,18,0
67514,941,815,54,9,9,0
67513,941,832,12,15,15,0
67512,941,828,9,17,17,0
67511,941,807,38,11,11,0
67510,941,817,73,8,8,0
67509,941,831,25,13,13,0
67508,941,13,109,6,6,0
67507,941,20,236,2,2,3
67506,941,3,229,3,3,3
67505,941,1,302,1,1,9
67440,942,3,247,3,3,3
67443,942,831,27,13,13,0
67442,942,13,109,6,6,0
67441,942,20,251,2,2,3
67439,942,1,327,1,1,10
67444,942,817,74,8,8,0
67445,942,807,38,12,12,0
67446,942,828,9,18,18,0
67447,942,832,18,15,15,0
67448,942,815,64,9,9,0
67449,942,18,16,16,16,0
67450,942,8,123,4,4,0
67451,942,830,45,10,10,0
67452,942,154,44,11,11,0
67453,942,813,26,14,14,0
67454,942,826,76,7,7,0
67455,942,825,0,22,22,0
67456,942,822,111,5,5,0
67457,942,833,0,19,19,0
67458,942,4,11,17,17,0
67459,942,829,0,21,21,0
67460,942,834,0,20,20,0
67461,943,1,345,1,1,10
67462,943,3,272,2,2,4
67463,943,20,251,3,3,3
67464,943,13,117,6,6,0
67465,943,831,27,13,13,0
67466,943,817,84,8,8,0
67467,943,807,44,12,12,0
67468,943,828,9,18,18,0
67469,943,832,18,15,15,0
67470,943,815,68,9,9,0
67471,943,18,16,16,16,0
67472,943,8,123,5,5,0
67473,943,830,47,10,10,0
67474,943,154,45,11,11,0
67475,943,813,26,14,14,0
67476,943,826,88,7,7,0
67477,943,825,0,22,22,0
67478,943,822,126,4,4,0
67479,943,833,0,19,19,0
67480,943,4,11,17,17,0
67481,943,829,0,21,21,0
67482,943,834,0,20,20,0
67483,944,1,363,1,1,10
67484,944,3,297,2,2,5
67485,944,20,266,3,3,3
67486,944,13,117,6,6,0
67487,944,831,27,13,13,0
67488,944,817,84,8,8,0
67489,944,807,52,10,10,0
67490,944,828,9,18,18,0
67491,944,832,18,15,15,0
67492,944,815,68,9,9,0
67493,944,18,16,16,16,0
67494,944,8,135,5,5,0
67495,944,830,49,12,12,0
67496,944,154,49,11,11,0
67497,944,813,27,14,14,0
67498,944,826,94,7,7,0
67499,944,825,0,22,22,0
67500,944,822,136,4,4,0
67501,944,833,0,19,19,0
67502,944,4,11,17,17,0
67503,944,829,0,21,21,0
67504,944,834,0,20,20,0
67527,945,1,381,1,1,10
67528,945,3,322,2,2,6
67529,945,20,278,3,3,3
67530,945,13,121,6,6,0
67531,945,831,27,13,13,0
67532,945,817,92,8,8,0
67533,945,807,58,10,10,0
67534,945,828,9,18,18,0
67535,945,832,18,15,15,0
67536,945,815,78,9,9,0
67537,945,18,16,16,16,0
67538,945,8,150,4,4,0
67539,945,830,49,12,12,0
67540,945,154,51,11,11,0
67541,945,813,27,14,14,0
67542,945,826,95,7,7,0
67543,945,825,0,22,22,0
67544,945,822,136,5,5,0
67545,945,833,0,19,19,0
67546,945,4,11,17,17,0
67547,945,829,0,21,21,0
67548,945,834,0,20,20,0
68106,948,4,0,21,21,0
68102,948,828,0,17,17,0
68100,948,831,0,15,15,0
68098,948,815,0,13,13,0
68096,948,835,0,11,11,0
68086,948,3,25,1,1,1
68104,948,837,0,19,19,0
68107,948,826,0,22,22,0
68105,948,821,0,20,20,0
68103,948,8,0,18,18,0
68101,948,836,0,16,16,0
68099,948,18,0,14,14,0
68097,948,825,0,12,12,0
68095,948,830,1,10,10,0
68094,948,832,2,9,9,0
68093,948,822,4,8,8,0
68092,948,807,6,7,7,0
68091,948,154,8,6,6,0
68090,948,13,10,5,5,0
68089,948,817,12,4,4,0
68088,948,20,15,3,3,0
68087,948,1,18,2,2,0
67571,949,3,50,1,1,2
67572,949,1,33,2,2,0
67573,949,20,15,6,6,0
67574,949,817,24,3,3,0
67575,949,13,14,7,7,0
67576,949,154,18,5,5,0
67577,949,807,6,9,9,0
67578,949,822,6,11,11,0
67579,949,832,2,12,12,0
67580,949,830,9,8,8,0
67581,949,835,0,15,15,0
67582,949,825,0,14,14,0
67583,949,815,0,17,17,0
67584,949,18,0,20,20,0
67585,949,831,0,19,19,0
67586,949,836,0,18,18,0
67587,949,828,0,16,16,0
67588,949,8,18,4,4,0
67589,949,837,0,21,21,0
67590,949,821,0,22,22,0
67591,949,4,0,23,23,0
67592,949,826,6,10,10,0
67593,949,838,1,13,13,0
67594,950,3,75,1,1,3
67595,950,1,39,2,2,0
67596,950,20,33,4,4,0
67597,950,817,36,3,3,0
67598,950,13,22,6,6,0
67599,950,154,18,8,8,0
67600,950,807,6,11,11,0
67601,950,822,7,10,10,0
67602,950,832,4,12,12,0
67603,950,830,13,9,9,0
67604,950,835,0,16,16,0
67605,950,825,0,14,14,0
67606,950,815,0,15,15,0
67607,950,18,0,19,19,0
67608,950,831,0,21,21,0
67609,950,836,0,20,20,0
67610,950,828,0,17,17,0
67611,950,8,28,5,5,0
67612,950,837,0,23,23,0
67613,950,821,0,22,22,0
67614,950,4,0,18,18,0
67615,950,826,21,7,7,0
67616,950,838,1,13,13,0
67617,951,3,100,1,1,4
67618,951,1,57,2,2,0
67619,951,20,33,5,5,0
67620,951,817,36,4,4,0
67621,951,13,32,6,6,0
67622,951,154,22,7,7,0
67623,951,807,6,13,13,0
67624,951,822,19,9,9,0
67625,951,832,4,14,14,0
67626,951,830,13,10,10,0
67627,951,835,0,18,18,0
67628,951,825,6,12,12,0
67629,951,815,2,15,15,0
67630,951,18,1,16,16,0
67631,951,831,0,21,21,0
67632,951,836,0,20,20,0
67633,951,828,0,19,19,0
67634,951,8,43,3,3,0
67635,951,837,0,23,23,0
67636,951,821,0,22,22,0
67637,951,4,8,11,11,0
67638,951,826,21,8,8,0
67639,951,838,1,17,17,0
67640,952,3,100,1,1,4
67641,952,1,57,3,3,0
67642,952,20,48,4,4,0
67643,952,817,48,5,5,0
67644,952,13,36,7,7,0
67645,952,154,22,10,10,0
67646,952,807,6,15,15,0
67647,952,822,29,8,8,0
67648,952,832,12,11,11,0
67649,952,830,38,6,6,1
67650,952,835,0,18,18,0
67651,952,825,6,14,14,0
67652,952,815,8,13,13,0
67653,952,18,3,16,16,0
67654,952,831,0,22,22,0
67655,952,836,0,21,21,0
67656,952,828,0,20,20,0
67657,952,8,61,2,2,0
67658,952,837,0,23,23,0
67659,952,821,0,19,19,0
67660,952,4,8,12,12,0
67661,952,826,22,9,9,0
67662,952,838,1,17,17,0
67663,953,3,106,1,1,4
67664,953,1,82,2,2,1
67665,953,20,60,5,5,0
67666,953,817,66,3,3,0
67667,953,13,37,7,7,0
67668,953,154,22,11,11,0
67669,953,807,14,14,14,0
67670,953,822,29,8,8,0
67671,953,832,16,13,13,0
67672,953,830,38,6,6,1
67673,953,835,0,19,19,0
67674,953,825,6,15,15,0
67675,953,815,23,9,9,0
67676,953,18,5,16,16,0
67677,953,831,0,22,22,0
67678,953,836,0,21,21,0
67679,953,828,0,20,20,0
67680,953,8,61,4,4,0
67681,953,837,0,23,23,0
67682,953,821,0,18,18,0
67683,953,4,18,12,12,0
67684,953,826,22,10,10,0
67685,953,838,1,17,17,0
67686,954,3,116,1,1,4
67687,954,1,107,2,2,2
67688,954,20,78,3,3,0
67689,954,817,72,4,4,0
67690,954,13,37,8,8,0
67691,954,154,22,11,11,0
67692,954,807,18,13,13,0
67693,954,822,44,7,7,0
67694,954,832,18,14,14,0
67695,954,830,50,6,6,1
67696,954,835,0,19,19,0
67697,954,825,6,15,15,0
67698,954,815,24,9,9,0
67699,954,18,5,16,16,0
67700,954,831,0,22,22,0
67701,954,836,0,21,21,0
67702,954,828,0,20,20,0
67703,954,8,69,5,5,0
67704,954,837,0,23,23,0
67705,954,821,0,18,18,0
67706,954,4,18,12,12,0
67707,954,826,22,10,10,0
67708,954,838,1,17,17,0
67732,955,1,117,2,2,2
67731,955,3,141,1,1,5
67733,955,20,96,3,3,0
67734,955,817,78,5,5,0
67735,955,13,38,9,9,0
67736,955,154,22,11,11,0
67737,955,807,20,12,12,0
67738,955,822,52,7,7,0
67739,955,832,18,14,14,0
67740,955,830,54,6,6,1
67741,955,835,0,19,19,0
67742,955,825,6,15,15,0
67743,955,815,39,8,8,0
67744,955,18,5,16,16,0
67745,955,831,0,21,21,0
67746,955,836,0,22,22,0
67747,955,828,0,20,20,0
67748,955,8,81,4,4,0
67749,955,837,0,23,23,0
67750,955,821,0,18,18,0
67751,955,4,18,13,13,0
67752,955,826,22,10,10,0
67753,955,838,1,17,17,0
67754,956,3,153,1,1,5
67755,956,1,142,2,2,3
67756,956,20,96,3,3,0
67757,956,817,88,5,5,0
67758,956,13,38,9,9,0
67759,956,154,28,10,10,0
67760,956,807,20,13,13,0
67761,956,822,54,7,7,0
67762,956,832,22,12,12,0
67763,956,830,72,6,6,1
67764,956,835,0,20,20,0
67765,956,825,6,16,16,0
67766,956,815,39,8,8,0
67767,956,18,13,15,15,0
67768,956,831,0,22,22,0
67769,956,836,1,17,17,0
67770,956,828,0,21,21,0
67771,956,8,96,4,4,0
67772,956,837,0,23,23,0
67773,956,821,0,19,19,0
67774,956,4,18,14,14,0
67775,956,826,22,11,11,0
67776,956,838,1,18,18,0
67777,957,3,168,1,1,5
67778,957,1,167,2,2,4
67779,957,20,98,5,5,0
67780,957,817,100,4,4,0
67781,957,13,38,9,9,0
67782,957,154,28,10,10,0
67783,957,807,26,11,11,0
67784,957,822,54,7,7,0
67785,957,832,26,12,12,0
67786,957,830,90,6,6,1
67787,957,835,0,20,20,0
67788,957,825,6,16,16,0
67789,957,815,47,8,8,0
67790,957,18,13,15,15,0
67791,957,831,0,22,22,0
67792,957,836,1,17,17,0
67793,957,828,0,21,21,0
67794,957,8,106,3,3,0
67795,957,837,0,23,23,0
67796,957,821,0,19,19,0
67797,957,4,18,14,14,0
67798,957,826,23,13,13,0
67799,957,838,1,18,18,0
67800,958,3,186,2,2,5
67801,958,1,192,1,1,5
67802,958,20,110,5,5,0
67803,958,817,115,3,3,0
67804,958,13,38,9,9,0
67805,958,154,28,11,11,0
67806,958,807,27,12,12,0
67807,958,822,56,7,7,0
67808,958,832,30,10,10,0
67809,958,830,100,6,6,1
67810,958,835,0,20,20,0
67811,958,825,6,16,16,0
67812,958,815,47,8,8,0
67813,958,18,13,15,15,0
67814,958,831,0,22,22,0
67815,958,836,1,17,17,0
67816,958,828,0,21,21,0
67817,958,8,114,4,4,0
67818,958,837,0,23,23,0
67819,958,821,0,19,19,0
67820,958,4,24,13,13,0
67821,958,826,23,14,14,0
67822,958,838,1,18,18,0
67823,959,3,198,2,2,5
67824,959,1,217,1,1,6
67825,959,20,120,5,5,0
67826,959,817,133,3,3,0
67827,959,13,38,9,9,0
67828,959,154,28,12,12,0
67829,959,807,33,10,10,0
67830,959,822,58,7,7,0
67831,959,832,30,11,11,0
67832,959,830,115,6,6,1
67833,959,835,0,20,20,0
67834,959,825,6,16,16,0
67835,959,815,48,8,8,0
67836,959,18,17,15,15,0
67837,959,831,0,22,22,0
67838,959,836,1,17,17,0
67839,959,828,0,21,21,0
67840,959,8,122,4,4,0
67841,959,837,0,23,23,0
67842,959,821,0,19,19,0
67843,959,4,24,13,13,0
67844,959,826,23,14,14,0
67845,959,838,1,18,18,0
67846,960,3,223,2,2,6
67847,960,1,232,1,1,6
67848,960,20,128,4,4,0
67849,960,817,151,3,3,0
67850,960,13,39,10,10,0
67851,960,154,28,13,13,0
67852,960,807,45,9,9,0
67853,960,822,62,7,7,0
67854,960,832,30,12,12,0
67855,960,830,115,6,6,1
67856,960,835,0,20,20,0
67857,960,825,6,16,16,0
67858,960,815,58,8,8,0
67859,960,18,17,15,15,0
67860,960,831,0,22,22,0
67861,960,836,1,17,17,0
67862,960,828,0,21,21,0
67863,960,8,124,5,5,0
67864,960,837,0,23,23,0
67865,960,821,0,19,19,0
67866,960,4,30,11,11,0
67867,960,826,23,14,14,0
67868,960,838,1,18,18,0
67869,960,839,0,24,24,0
67870,961,3,248,2,2,7
67871,961,1,250,1,1,6
67872,961,20,143,4,4,0
67873,961,817,161,3,3,0
67874,961,13,41,10,10,0
67875,961,154,28,13,13,0
67876,961,807,46,9,9,0
67877,961,822,70,7,7,0
67878,961,832,30,12,12,0
67879,961,830,121,6,6,1
67880,961,835,0,20,20,0
67881,961,825,6,16,16,0
67882,961,815,62,8,8,0
67883,961,18,17,15,15,0
67884,961,831,0,22,22,0
67885,961,836,1,17,17,0
67886,961,828,0,21,21,0
67887,961,8,136,5,5,0
67888,961,837,0,23,23,0
67889,961,821,0,19,19,0
67890,961,4,30,11,11,0
67891,961,826,23,14,14,0
67892,961,838,1,18,18,0
67893,961,839,0,24,24,0
67894,962,3,273,1,1,8
67895,962,1,265,2,2,6
67896,962,20,153,4,4,0
67897,962,817,179,3,3,0
67898,962,13,41,10,10,0
67899,962,154,28,13,13,0
67900,962,807,46,9,9,0
67901,962,822,70,7,7,0
67902,962,832,30,12,12,0
67903,962,830,129,6,6,1
67904,962,835,0,20,20,0
67905,962,825,7,16,16,0
67906,962,815,66,8,8,0
67907,962,18,17,15,15,0
67908,962,831,0,22,22,0
67909,962,836,1,17,17,0
67910,962,828,0,21,21,0
67911,962,8,148,5,5,0
67912,962,837,0,23,23,0
67913,962,821,0,19,19,0
67914,962,4,36,11,11,0
67915,962,826,25,14,14,0
67916,962,838,1,18,18,0
67917,962,839,0,24,24,0
67918,963,3,288,1,1,8
67919,963,1,265,2,2,6
67920,963,20,153,5,5,0
67921,963,817,204,3,3,1
67922,963,13,41,11,11,0
67923,963,154,28,13,13,0
67924,963,807,50,9,9,0
67925,963,822,80,7,7,0
67926,963,832,30,12,12,0
67927,963,830,147,6,6,1
67928,963,835,1,17,17,0
67929,963,825,7,16,16,0
67930,963,815,74,8,8,0
67931,963,18,19,15,15,0
67932,963,831,0,22,22,0
67933,963,836,1,18,18,0
67934,963,828,0,21,21,0
67935,963,8,160,4,4,0
67936,963,837,0,23,23,0
67937,963,821,0,20,20,0
67938,963,4,42,10,10,0
67939,963,826,25,14,14,0
67940,963,838,1,19,19,0
67941,963,839,0,24,24,0
67942,964,3,313,1,1,9
67943,964,1,280,2,2,6
67944,964,20,165,6,6,0
67945,964,817,212,3,3,1
67946,964,13,43,10,10,0
67947,964,154,28,13,13,0
67948,964,807,54,9,9,0
67949,964,822,81,7,7,0
67950,964,832,30,12,12,0
67951,964,830,165,5,5,1
67952,964,835,1,17,17,0
67953,964,825,7,16,16,0
67954,964,815,80,8,8,0
67955,964,18,19,15,15,0
67956,964,831,0,22,22,0
67957,964,836,1,18,18,0
67958,964,828,0,21,21,0
67959,964,8,170,4,4,0
67960,964,837,0,23,23,0
67961,964,821,0,20,20,0
67962,964,4,42,11,11,0
67963,964,826,25,14,14,0
67964,964,838,1,19,19,0
67965,964,839,0,24,24,0
68061,965,839,0,24,24,0
68060,965,838,1,19,19,0
68059,965,826,25,14,14,0
68058,965,4,52,10,10,0
68056,965,837,0,23,23,0
68055,965,8,170,5,5,0
68054,965,828,0,21,21,0
68053,965,836,1,18,18,0
68051,965,18,21,15,15,0
68050,965,815,84,7,7,0
68049,965,825,7,16,16,0
68047,965,830,165,6,6,1
68046,965,832,38,12,12,0
68044,965,807,54,9,9,0
68041,965,817,227,3,3,1
68048,965,835,1,17,17,0
68052,965,831,0,22,22,0
68045,965,822,81,8,8,0
68057,965,821,0,20,20,0
68042,965,13,49,11,11,0
68043,965,154,29,13,13,0
68039,965,1,305,2,2,7
68040,965,20,177,4,4,0
68038,965,3,331,1,1,9
68080,966,837,0,23,23,0
68077,966,836,1,18,18,0
68075,966,18,21,15,15,0
68085,966,839,0,24,24,0
68084,966,838,1,19,19,0
68083,966,826,25,14,14,0
68082,966,4,52,10,10,0
68081,966,821,0,20,20,0
68079,966,8,178,5,5,0
68078,966,828,0,21,21,0
68076,966,831,0,22,22,0
68072,966,835,1,17,17,0
68073,966,825,7,16,16,0
68074,966,815,85,7,7,0
68071,966,830,177,6,6,1
68070,966,832,38,12,12,0
68069,966,822,85,8,8,0
68068,966,807,60,9,9,0
68067,966,154,29,13,13,0
68066,966,13,51,11,11,0
68065,966,817,242,3,3,1
68064,966,20,187,4,4,0
68062,966,3,349,1,1,9
68063,966,1,330,2,2,8
68110,967,20,197,4,4,0
68109,967,1,355,2,2,9
68108,967,3,367,1,1,9
68111,967,817,246,3,3,1
68112,967,13,51,11,11,0
68113,967,154,29,13,13,0
68114,967,807,66,9,9,0
68115,967,822,85,8,8,0
68116,967,832,46,12,12,0
68117,967,830,192,5,5,1
68118,967,835,1,18,18,0
68119,967,825,7,16,16,0
68120,967,815,97,7,7,0
68121,967,18,21,15,15,0
68122,967,831,2,17,17,0
68123,967,836,1,19,19,0
68124,967,828,0,22,22,0
68125,967,8,178,6,6,0
68126,967,837,0,24,24,0
68127,967,821,0,21,21,0
68128,967,4,53,10,10,0
68129,967,826,25,14,14,0
68130,967,838,1,20,20,0
68131,967,839,0,23,23,0
68132,968,3,385,1,1,9
68133,968,1,380,2,2,10
68134,968,20,212,4,4,0
68135,968,817,256,3,3,1
68136,968,13,53,11,11,0
68137,968,154,29,13,13,0
68138,968,807,72,9,9,0
68139,968,822,85,8,8,0
68140,968,832,46,12,12,0
68141,968,830,204,5,5,1
68142,968,835,1,18,18,0
68143,968,825,7,16,16,0
68144,968,815,101,7,7,0
68145,968,18,21,15,15,0
68146,968,831,2,17,17,0
68147,968,836,1,19,19,0
68148,968,828,0,22,22,0
68149,968,8,186,6,6,0
68150,968,837,0,24,24,0
68151,968,821,0,21,21,0
68152,968,4,54,10,10,0
68153,968,826,25,14,14,0
68154,968,838,1,20,20,0
68155,968,839,0,23,23,0
68160,969,830,10,5,5,0
68159,969,8,12,4,4,0
68158,969,822,15,3,3,0
68157,969,1,18,2,2,0
68156,969,20,25,1,1,1
68161,969,13,8,6,6,0
68162,969,815,6,7,7,0
68163,969,832,4,8,8,0
68164,969,826,2,9,9,0
68165,969,839,1,10,10,0
68166,969,807,0,11,11,0
68167,969,841,0,12,12,0
68168,969,838,0,13,13,0
68169,969,4,0,14,14,0
68170,969,825,0,15,15,0
68171,969,840,0,16,16,0
68172,969,817,0,17,17,0
68173,969,828,0,18,18,0
68174,969,835,0,19,19,0
68175,969,154,0,20,20,0
68176,970,20,43,1,1,1
68177,970,1,43,2,2,1
68178,970,822,23,4,4,0
68179,970,8,22,5,5,0
68180,970,830,25,3,3,0
68181,970,13,8,8,8,0
68182,970,815,8,9,9,0
68183,970,832,10,7,7,0
68184,970,826,2,11,11,0
68185,970,839,2,12,12,0
68186,970,807,0,13,13,0
68187,970,841,0,15,15,0
68188,970,838,0,16,16,0
68189,970,4,0,19,19,0
68190,970,825,4,10,10,0
68191,970,840,0,20,20,0
68192,970,817,12,6,6,0
68193,970,828,0,18,18,0
68194,970,835,0,17,17,0
68195,970,154,0,14,14,0
68196,971,20,68,1,1,2
68197,971,1,61,2,2,1
68198,971,822,38,3,3,0
68199,971,8,34,4,4,0
68200,971,830,25,5,5,0
68201,971,13,16,7,7,0
68202,971,815,14,8,8,0
68203,971,832,10,9,9,0
68204,971,826,2,14,14,0
68205,971,839,3,12,12,0
68206,971,807,2,13,13,0
68207,971,841,0,16,16,0
68208,971,838,0,18,18,0
68209,971,4,0,19,19,0
68210,971,825,4,11,11,0
68211,971,840,0,21,21,0
68212,971,817,22,6,6,0
68213,971,828,0,20,20,0
68214,971,835,0,17,17,0
68215,971,154,4,10,10,0
68216,971,836,0,15,15,0
68217,972,20,86,1,1,2
68218,972,1,73,2,2,1
68219,972,822,63,3,3,1
68220,972,8,49,4,4,0
68221,972,830,35,5,5,0
68222,972,13,18,8,8,0
68223,972,815,22,7,7,0
68224,972,832,11,9,9,0
68225,972,826,2,14,14,0
68226,972,839,9,10,10,0
68227,972,807,6,11,11,0
68228,972,841,0,17,17,0
68229,972,838,0,19,19,0
68230,972,4,0,20,20,0
68231,972,825,4,13,13,0
68232,972,840,0,16,16,0
68233,972,817,22,6,6,0
68234,972,828,0,21,21,0
68235,972,835,0,18,18,0
68236,972,154,4,12,12,0
68237,972,836,0,15,15,0
68238,973,20,104,1,1,2
68239,973,1,98,2,2,2
68240,973,822,63,3,3,1
68241,973,8,49,4,4,0
68242,973,830,35,6,6,0
68243,973,13,18,9,9,0
68244,973,815,34,7,7,0
68245,973,832,17,10,10,0
68246,973,826,4,15,15,0
68247,973,839,19,8,8,0
68248,973,807,14,11,11,0
68249,973,841,0,19,19,0
68250,973,838,0,21,21,0
68251,973,4,0,18,18,0
68252,973,825,4,14,14,0
68253,973,840,0,17,17,0
68254,973,817,37,5,5,0
68255,973,828,0,16,16,0
68256,973,835,0,20,20,0
68257,973,154,5,12,12,0
68258,973,836,4,13,13,0
68259,974,20,129,1,1,3
68260,974,1,104,2,2,2
68261,974,822,75,3,3,1
68262,974,8,67,4,4,0
68263,974,830,45,6,6,0
68264,974,13,20,9,9,0
68265,974,815,34,7,7,0
68266,974,832,25,8,8,0
68267,974,826,4,15,15,0
68268,974,839,19,10,10,0
68269,974,807,14,11,11,0
68270,974,841,0,20,20,0
68271,974,838,0,21,21,0
68272,974,4,0,19,19,0
68273,974,825,5,13,13,0
68274,974,840,0,18,18,0
68275,974,817,52,5,5,0
68276,974,828,0,17,17,0
68277,974,835,0,16,16,0
68278,974,154,9,12,12,0
68279,974,836,4,14,14,0
68280,974,18,0,22,22,0
68281,975,20,141,1,1,3
68282,975,1,129,2,2,3
68283,975,822,93,3,3,1
68284,975,8,73,4,4,0
68285,975,830,45,6,6,0
68286,975,13,20,10,10,0
68287,975,815,44,7,7,0
68288,975,832,25,9,9,0
68289,975,826,4,15,15,0
68290,975,839,27,8,8,0
68291,975,807,18,11,11,0
68292,975,841,0,20,20,0
68293,975,838,0,21,21,0
68294,975,4,0,19,19,0
68295,975,825,5,13,13,0
68296,975,840,2,16,16,0
68297,975,817,67,5,5,0
68298,975,828,0,18,18,0
68299,975,835,0,17,17,0
68300,975,154,10,12,12,0
68301,975,836,4,14,14,0
68302,975,18,0,22,22,0
68303,976,20,153,1,1,3
68304,976,1,139,2,2,3
68305,976,822,111,3,3,1
68306,976,8,73,5,5,0
68307,976,830,45,6,6,0
68308,976,13,20,10,10,0
68309,976,815,44,7,7,0
68310,976,832,29,9,9,0
68311,976,826,4,16,16,0
68312,976,839,35,8,8,0
68313,976,807,18,11,11,0
68314,976,841,0,21,21,0
68315,976,838,0,20,20,0
68316,976,4,2,17,17,0
68317,976,825,11,13,13,0
68318,976,840,17,12,12,0
68319,976,817,92,4,4,1
68320,976,828,0,19,19,0
68321,976,835,0,18,18,0
68322,976,154,10,14,14,0
68323,976,836,5,15,15,0
68324,976,18,0,22,22,0
68325,977,20,171,1,1,3
68326,977,1,151,2,2,3
68327,977,822,136,3,3,2
68328,977,8,83,5,5,0
68329,977,830,45,7,7,0
68330,977,13,22,10,10,0
68331,977,815,50,6,6,0
68332,977,832,29,9,9,0
68333,977,826,4,16,16,0
68334,977,839,39,8,8,0
68335,977,807,18,12,12,0
68336,977,841,0,21,21,0
68337,977,838,0,20,20,0
68338,977,4,2,17,17,0
68339,977,825,11,14,14,0
68340,977,840,18,11,11,0
68341,977,817,107,4,4,1
68342,977,828,0,19,19,0
68343,977,835,0,18,18,0
68344,977,154,18,13,13,0
68345,977,836,5,15,15,0
68346,977,18,0,22,22,0
68347,978,20,177,1,1,3
68348,978,1,176,2,2,4
68349,978,822,154,3,3,2
68350,978,8,98,5,5,0
68351,978,830,57,6,6,0
68352,978,13,23,11,11,0
68353,978,815,52,7,7,0
68354,978,832,29,9,9,0
68355,978,826,4,16,16,0
68356,978,839,43,8,8,0
68357,978,807,26,10,10,0
68358,978,841,0,21,21,0
68359,978,838,0,20,20,0
68360,978,4,2,17,17,0
68361,978,825,11,14,14,0
68362,978,840,18,12,12,0
68363,978,817,117,4,4,1
68364,978,828,0,19,19,0
68365,978,835,0,18,18,0
68366,978,154,18,13,13,0
68367,978,836,5,15,15,0
68368,978,18,0,22,22,0
68369,979,20,202,1,1,4
68370,979,1,188,2,2,4
68371,979,822,169,3,3,2
68372,979,8,116,5,5,0
68373,979,830,67,6,6,0
68374,979,13,23,11,11,0
68375,979,815,56,7,7,0
68376,979,832,35,9,9,0
68377,979,826,4,17,17,0
68378,979,839,45,8,8,0
68379,979,807,26,10,10,0
68380,979,841,0,21,21,0
68381,979,838,1,18,18,0
68382,979,4,10,15,15,0
68383,979,825,11,14,14,0
68384,979,840,18,12,12,0
68385,979,817,117,4,4,1
68386,979,828,0,20,20,0
68387,979,835,0,19,19,0
68388,979,154,18,13,13,0
68389,979,836,5,16,16,0
68390,979,18,0,22,22,0
68391,979,814,0,23,23,0
68392,980,20,220,1,1,4
68393,980,1,213,2,2,5
68394,980,822,179,3,3,2
68395,980,8,128,5,5,0
68396,980,830,67,6,6,0
68397,980,13,27,11,11,0
68398,980,815,56,7,7,0
68399,980,832,36,9,9,0
68400,980,826,4,17,17,0
68401,980,839,47,8,8,0
68402,980,807,34,10,10,0
68403,980,841,0,21,21,0
68404,980,838,1,18,18,0
68405,980,4,10,15,15,0
68406,980,825,11,14,14,0
68407,980,840,18,13,13,0
68408,980,817,132,4,4,1
68409,980,828,0,20,20,0
68410,980,835,0,19,19,0
68411,980,154,24,12,12,0
68412,980,836,5,16,16,0
68413,980,18,0,22,22,0
68414,980,814,0,23,23,0
68415,981,20,235,2,2,4
68416,981,1,238,1,1,6
68417,981,822,197,3,3,2
68418,981,8,138,5,5,0
68419,981,830,68,6,6,0
68420,981,13,31,11,11,0
68421,981,815,58,7,7,0
68422,981,832,36,9,9,0
68423,981,826,4,17,17,0
68424,981,839,55,8,8,0
68425,981,807,34,10,10,0
68426,981,841,0,21,21,0
68427,981,838,1,18,18,0
68428,981,4,10,15,15,0
68429,981,825,11,14,14,0
68430,981,840,24,12,12,0
68431,981,817,144,4,4,1
68432,981,828,0,20,20,0
68433,981,835,0,19,19,0
68434,981,154,24,13,13,0
68435,981,836,5,16,16,0
68436,981,18,0,22,22,0
68437,981,814,0,23,23,0
68438,982,20,235,2,2,4
68439,982,1,263,1,1,7
68440,982,822,212,3,3,2
68441,982,8,138,5,5,0
68442,982,830,68,6,6,0
68443,982,13,31,11,11,0
68444,982,815,68,7,7,0
68445,982,832,48,9,9,0
68446,982,826,4,19,19,0
68447,982,839,56,8,8,0
68448,982,807,34,10,10,0
68449,982,841,0,21,21,0
68450,982,838,7,17,17,0
68451,982,4,10,15,15,0
68452,982,825,11,14,14,0
68453,982,840,28,12,12,0
68454,982,817,162,4,4,1
68455,982,828,0,20,20,0
68456,982,835,8,16,16,0
68457,982,154,26,13,13,0
68458,982,836,5,18,18,0
68459,982,18,0,22,22,0
68460,982,814,0,23,23,0
68461,983,20,247,2,2,4
68462,983,1,281,1,1,7
68463,983,822,222,3,3,2
68464,983,8,138,5,5,0
68465,983,830,93,6,6,1
68466,983,13,33,11,11,0
68467,983,815,76,7,7,0
68468,983,832,48,9,9,0
68469,983,826,4,19,19,0
68470,983,839,57,8,8,0
68471,983,807,34,10,10,0
68472,983,841,0,21,21,0
68473,983,838,13,14,14,0
68474,983,4,10,16,16,0
68475,983,825,11,15,15,0
68476,983,840,32,12,12,0
68477,983,817,177,4,4,1
68478,983,828,0,20,20,0
68479,983,835,8,17,17,0
68480,983,154,26,13,13,0
68481,983,836,5,18,18,0
68482,983,18,0,23,23,0
68483,983,814,0,24,24,0
68484,983,842,0,22,22,0
68485,984,20,247,2,2,4
68486,984,1,306,1,1,8
68487,984,822,234,3,3,2
68488,984,8,148,5,5,0
68489,984,830,111,6,6,1
68490,984,13,34,11,11,0
68491,984,815,82,7,7,0
68492,984,832,48,9,9,0
68493,984,826,4,19,19,0
68494,984,839,65,8,8,0
68495,984,807,34,10,10,0
68496,984,841,0,21,21,0
68497,984,838,13,15,15,0
68498,984,4,10,16,16,0
68499,984,825,15,14,14,0
68500,984,840,32,12,12,0
68501,984,817,192,4,4,1
68502,984,828,0,20,20,0
68503,984,835,8,17,17,0
68504,984,154,28,13,13,0
68505,984,836,5,18,18,0
68506,984,18,0,23,23,0
68507,984,814,0,24,24,0
68508,984,842,0,22,22,0
68509,985,20,265,2,2,4
68510,985,1,331,1,1,9
68511,985,822,244,3,3,2
68512,985,8,163,5,5,0
68513,985,830,123,6,6,1
68514,985,13,36,10,10,0
68515,985,815,86,7,7,0
68516,985,832,54,9,9,0
68517,985,826,5,19,19,0
68518,985,839,73,8,8,0
68519,985,807,34,11,11,0
68520,985,841,0,21,21,0
68521,985,838,13,15,15,0
68522,985,4,10,16,16,0
68523,985,825,15,14,14,0
68524,985,840,32,12,12,0
68525,985,817,192,4,4,1
68526,985,828,0,20,20,0
68527,985,835,8,17,17,0
68528,985,154,28,13,13,0
68529,985,836,5,18,18,0
68530,985,18,0,24,24,0
68531,985,814,0,25,25,0
68532,985,842,0,22,22,0
68533,985,843,0,23,23,0
68534,986,20,277,2,2,4
68535,986,1,333,1,1,9
68536,986,822,262,3,3,2
68537,986,8,178,5,5,0
68538,986,830,148,6,6,2
68539,986,13,36,11,11,0
68540,986,815,92,7,7,0
68541,986,832,54,9,9,0
68542,986,826,5,19,19,0
68543,986,839,83,8,8,0
68544,986,807,34,12,12,0
68545,986,841,0,21,21,0
68546,986,838,13,15,15,0
68547,986,4,11,16,16,0
68548,986,825,19,14,14,0
68549,986,840,40,10,10,0
68550,986,817,192,4,4,1
68551,986,828,0,20,20,0
68552,986,835,8,17,17,0
68553,986,154,28,13,13,0
68554,986,836,5,18,18,0
68555,986,18,0,24,24,0
68556,986,814,0,25,25,0
68557,986,842,0,22,22,0
68558,986,843,0,23,23,0
68559,987,20,302,2,2,5
68560,987,1,345,1,1,9
68561,987,822,280,3,3,2
68562,987,8,193,5,5,0
68563,987,830,158,6,6,2
68564,987,13,42,10,10,0
68565,987,815,94,7,7,0
68566,987,832,54,9,9,0
68567,987,826,5,19,19,0
68568,987,839,83,8,8,0
68569,987,807,35,12,12,0
68570,987,841,0,22,22,0
68571,987,838,13,16,16,0
68572,987,4,15,15,15,0
68573,987,825,19,14,14,0
68574,987,840,40,11,11,0
68575,987,817,200,4,4,1
68576,987,828,0,20,20,0
68577,987,835,8,17,17,0
68578,987,154,28,13,13,0
68579,987,836,5,18,18,0
68580,987,18,0,24,24,0
68581,987,814,0,25,25,0
68582,987,842,0,21,21,0
68583,987,843,0,23,23,0
68584,988,20,317,2,2,5
68585,988,1,363,1,1,9
68586,988,822,305,3,3,3
68587,988,8,205,4,4,0
68588,988,830,168,6,6,2
68589,988,13,43,11,11,0
68590,988,815,100,7,7,0
68591,988,832,54,9,9,0
68592,988,826,5,19,19,0
68593,988,839,87,8,8,0
68594,988,807,43,10,10,0
68595,988,841,0,22,22,0
68596,988,838,13,16,16,0
68597,988,4,17,15,15,0
68598,988,825,19,14,14,0
68599,988,840,40,12,12,0
68600,988,817,200,5,5,1
68601,988,828,0,20,20,0
68602,988,835,8,17,17,0
68603,988,154,28,13,13,0
68604,988,836,5,18,18,0
68605,988,18,0,24,24,0
68606,988,814,0,25,25,0
68607,988,842,0,21,21,0
68608,988,843,0,23,23,0
